{
    "loss": 0.26303768483456225,
    "accuracy": 0.8922305764411027,
    "0": {
        "precision": 0.930635838150289,
        "recall": 0.7970297029702971,
        "f1-score": 0.8586666666666667,
        "support": 202.0
    },
    "1": {
        "precision": 0.8601694915254238,
        "recall": 0.9441860465116279,
        "f1-score": 0.9002217294900222,
        "support": 215.0
    },
    "2": {
        "precision": 0.75,
        "recall": 0.883248730964467,
        "f1-score": 0.8111888111888111,
        "support": 197.0
    },
    "3": {
        "precision": 0.94,
        "recall": 0.9690721649484536,
        "f1-score": 0.9543147208121827,
        "support": 194.0
    },
    "4": {
        "precision": 0.9473684210526315,
        "recall": 0.99,
        "f1-score": 0.9682151589242054,
        "support": 200.0
    },
    "5": {
        "precision": 0.8579881656804734,
        "recall": 0.6971153846153846,
        "f1-score": 0.7692307692307693,
        "support": 208.0
    },
    "6": {
        "precision": 0.936046511627907,
        "recall": 0.8944444444444445,
        "f1-score": 0.9147727272727273,
        "support": 180.0
    },
    "7": {
        "precision": 0.9463414634146341,
        "recall": 0.97,
        "f1-score": 0.9580246913580247,
        "support": 200.0
    },
    "macro avg": {
        "precision": 0.8960687364314198,
        "recall": 0.8931370593068343,
        "f1-score": 0.8918294093679262,
        "support": 1596.0
    },
    "weighted avg": {
        "precision": 0.8951922101706387,
        "recall": 0.8922305764411027,
        "f1-score": 0.8908813603473167,
        "support": 1596.0
    },
    "auroc": 0.9935481731372604
}