{
    "epochs": [
        {
            "epoch": 1,
            "duration_seconds": 252.66889357566833
        }
    ],
    "total_duration_seconds": 252.66889357566833
}